<?xml version="1.0" encoding="UTF-8"?>
<project-private xmlns="http://www.netbeans.org/ns/project-private/1">
    <editor-bookmarks xmlns="http://www.netbeans.org/ns/editor-bookmarks/2" lastBookmarkId="0"/>
    <open-files xmlns="http://www.netbeans.org/ns/projectui-open-files/2">
        <group>
            <file>file:/C:/Users/HP/Documents/NetBeansProjects/Tegar/src/Scanner/VolumeBola.java</file>
            <file>file:/C:/Users/HP/Documents/NetBeansProjects/Tegar/src/Scanner/VolumeKerucut.java</file>
            <file>file:/C:/Users/HP/Documents/NetBeansProjects/Tegar/src/Scanner/LuasKerucut.java</file>
            <file>file:/C:/Users/HP/Documents/NetBeansProjects/Tegar/src/Scanner/VolumeTabung.java</file>
            <file>file:/C:/Users/HP/Documents/NetBeansProjects/Tegar/src/Scanner/LuasBola.java</file>
            <file>file:/C:/Users/HP/Documents/NetBeansProjects/Tegar/src/Scanner/VolumeBalok.java</file>
            <file>file:/C:/Users/HP/Documents/NetBeansProjects/Tegar/src/Scanner/LuasTabung.java</file>
            <file>file:/C:/Users/HP/Documents/NetBeansProjects/Tegar/src/Scanner/LuasBalok.java</file>
        </group>
    </open-files>
</project-private>
